,quarter,year,NROUST,NROU,SPF_Inflation,pceEnergy,V_hwi,Unemployment,V_U,POILBREUSDM,Michigan_Inflation,Swap_1year,Swap_5year,Swap_10year,import_def,GDP_def,UNRATE,USRECM,CPIAUCSL,CPILFESL,PCEPI,PCEPILFE
0,1,1968,5.792286,5.792286,2.082700038,11.75833333,3466.589966,2918.6667,1.187730674,,,,,,20.351,17.981,3.700000047683716,0,34.20000076293945,35.66699981689453,17.78899955749512,18.39500045776367
1,2,1968,5.803658485,5.803658485,2.082700038,11.756,3566.724155,2795.6667,1.2758045,,,,,,20.504,18.171,3.599999904632568,0,34.53300094604492,36.03300094604492,17.97100067138672,18.60899925231934
2,3,1968,5.815175533,5.815175533,2.915399933,11.83866667,3733.225039,2779.0,1.343369931,,,,,,20.545,18.349,3.5,0,35.0,36.53300094604492,18.1569995880127,18.8169994354248
3,4,1968,5.826905,5.826905,2.915399933,11.86533333,3977.4649,2696.3333,1.475138441,,,,,,20.689,18.608,3.400000095367432,0,35.43299865722656,37.06700134277344,18.35799980163574,19.0359992980957
4,1,1969,5.838901,5.838901,2.915399933,11.96666667,4110.078363,2707.3333,1.518127954,,,,,,20.773,18.8,3.400000095367432,0,35.86700057983398,37.56700134277344,18.5359992980957,19.24399948120117
5,2,1969,5.851209641,5.851209641,3.019800091,12.147,4125.355991,2762.3333,1.493431655,,,,,,20.862,19.039,3.400000095367432,0,36.43299865722656,38.16699981689453,18.77199935913086,19.47400093078613
6,3,1969,5.863864,5.863864,3.07869997,12.166,4032.092081,2921.3333,1.380223229,,,,,,21.013,19.307,3.599999904632568,0,36.93299865722656,38.70000076293945,19.00200080871582,19.69899940490723
7,4,1969,5.876888,5.876888,3.07869997,12.19833333,3988.028223,2929.6667,1.361256631,,,,,,21.556,19.556,3.599999904632568,0,37.5,39.23300170898438,19.22200012207031,19.93000030517578
8,1,1970,5.890298367,5.890298367,3.07869997,12.203,3606.878602,3429.6667,1.051670298,,,,,,21.786,19.832,4.199999809265137,1,38.09999847412109,39.83300018310547,19.44400024414063,20.14699935913086
9,2,1970,5.9041,5.9041,3.07869997,12.38433333,3205.656564,3929.0,0.8158963,,,,,,22.037,20.108,4.800000190734863,1,38.63299942016602,40.56700134277344,19.65900039672852,20.375
10,3,1970,5.918292,5.918292,3.235299969,12.39233333,2958.388108,4295.6665,0.688691291,,,,,,22.578,20.273,5.199999809265137,1,39.03300094604492,41.09999847412109,19.85000038146973,20.60199928283691
11,4,1970,5.932861,5.932861,3.497599983,12.653,2722.020931,4855.0,0.560663426,,,,,,22.808,20.541,5.800000190734863,1,39.59999847412109,41.76699829101563,20.10799980163574,20.89100074768066
12,1,1971,5.947782,5.947782,3.497599983,12.74233333,2665.904687,4958.6665,0.537625325,,,,,,23.384,20.853,5.900000095367432,0,39.93299865722656,42.16699981689453,20.29899978637695,21.1560001373291
13,2,1971,5.963016,5.963016,3.497599983,12.67733333,2746.317542,4968.0,0.552801438,,,,,,23.466,21.127,5.900000095367432,0,40.29999923706055,42.59999847412109,20.53000068664551,21.39699935913086
14,3,1971,5.978505611,5.978505611,3.497599983,12.913,2799.046775,5070.3335,0.552043919,,,,,,23.751,21.342,6.0,0,40.70000076293945,42.96699905395508,20.73100090026855,21.59900093078613
15,4,1971,5.994177,5.994177,3.893700027,13.058,2881.396033,5089.6665,0.566126687,,,,,,24.1,21.52,5.900000095367432,0,41.0,43.20000076293945,20.86000061035156,21.72200012207031
16,1,1972,6.00994,6.00994,3.893700027,13.018,3134.5943,4995.0,0.627546406,,,,,,24.501,21.848,5.800000190734863,0,41.33300018310547,43.56700134277344,21.07999992370605,21.93099975585938
17,2,1972,6.025690556,6.025690556,3.893700027,13.009,3284.780394,4934.6665,0.66565398,,,,,,25.134,21.984,5.699999809265137,0,41.59999847412109,43.90000152587891,21.20199966430664,22.07900047302246
18,3,1972,6.041317,6.041317,3.893700027,13.23166667,3499.077373,4900.3335,0.714048824,,,,,,25.546,22.194,5.599999904632568,0,41.93299865722656,44.23300170898438,21.38800048828125,22.2450008392334
19,4,1972,6.056706,6.056706,4.317299986,13.46333333,3890.557866,4673.3335,0.832501653,,,,,,26.128,22.477,5.400000095367432,0,42.36700057983398,44.46699905395508,21.5629997253418,22.38500022888184
20,1,1973,6.071745396,6.071745396,4.317299986,13.67866667,4246.493577,4390.6665,0.967163773,,,,,,26.919,22.736,4.900000095367432,0,43.03300094604492,44.79999923706055,21.82299995422363,22.54100036621094
21,2,1973,6.086335,6.086335,4.317299986,14.04333333,4237.324288,4383.6665,0.966616481,,,,,,29.053,23.086,4.900000095367432,0,43.93299865722656,45.26699829101563,22.24200057983398,22.84799957275391
22,3,1973,6.10038662,6.10038662,4.317299986,14.26266667,4259.541957,4320.0,0.986005083,,,,,,30.436,23.535,4.800000190734863,0,44.79999923706055,45.73300170898438,22.64699935913086,23.15099906921387
23,4,1973,6.113830566,6.113830566,4.317299986,15.28366667,4191.784372,4343.0,0.965181757,,,,,,32.707,24.004,4.800000190734863,1,45.93299865722656,46.5,23.11100006103516,23.47400093078613
24,1,1974,6.126616478,6.126616478,4.611033344,17.44633333,4009.420231,4669.6665,0.858609545,6.863333333,,,,,37.851,24.457,5.099999904632568,1,47.29999923706055,47.23300170898438,23.79800033569336,23.87700080871582
25,2,1974,6.138715,6.138715,5.289733315,18.79533333,4046.486244,4750.0,0.851891841,6.83,,,,,42.16,25.035,5.199999809265137,1,48.56700134277344,48.46699905395508,24.47200012207031,24.46999931335449
26,3,1974,6.150114536,6.150114536,5.472199821,19.2,3706.564341,5174.0,0.716382749,6.736666667,,,,,44.311,25.769,5.599999904632568,1,49.93299865722656,50.13299942016602,25.13199996948242,25.16900062561035
27,4,1974,6.16081953,6.16081953,5.472199821,19.22666667,3067.082108,6099.6665,0.502827836,7.01,,,,,45.741,26.527,6.599999904632568,1,51.46699905395508,51.59999847412109,25.77099990844727,25.78400039672852
28,1,1975,6.170844,6.170844,5.472199821,19.629,2585.38183,7666.3335,0.337238372,7.55,,,,,46.498,27.13,8.300000190734863,1,52.56700134277344,52.70000076293945,26.25600051879883,26.28800010681152
29,2,1975,6.180209,6.180209,5.495066547,20.01133333,2578.859119,8287.667,0.311168284,7.52,,,,,46.64,27.533,8.899999618530273,0,53.20000076293945,53.53300094604492,26.57799911499023,26.68899917602539
30,3,1975,6.188934,6.188934,5.540799999,20.92933333,2749.548516,7992.6665,0.344008913,7.743333333,,,,,45.607,28.019,8.5,0,54.26699829101563,54.23300170898438,27.07600021362305,27.0890007019043
31,4,1975,6.197032452,6.197032452,5.540799999,21.45933333,2859.439719,7811.6665,0.366047337,7.853333333,,,,,45.666,28.488,8.300000190734863,0,55.26699829101563,55.16699981689453,27.53000068664551,27.53000068664551
32,1,1976,6.204509,6.204509,5.278833294,21.502,3081.098813,7363.3335,0.418438037,8.106666667,,,,,46.386,28.789,7.699999809265137,0,55.90000152587891,56.20000076293945,27.83300018310547,27.94899940490723
33,2,1976,6.211358,6.211358,4.80286684,21.53333333,3188.909532,7235.0,0.440761511,7.916666667,,,,,47.076,29.079,7.599999904632568,0,56.40000152587891,56.96699905395508,28.06599998474121,28.28400039672852
34,3,1976,6.217563,6.217563,4.898799801,21.916,3191.683367,7462.6665,0.427686721,8.153333333,,,,,47.909,29.455,7.699999809265137,0,57.29999923706055,57.90000152587891,28.49200057983398,28.72699928283691
35,4,1976,6.223099,6.223099,4.898799801,22.57966667,3315.31932,7531.6665,0.440184031,8.563333333,,,,,48.395,29.983,7.800000190734863,0,58.13299942016602,58.70000076293945,28.9419994354248,29.17700004577637
36,1,1977,6.227931,6.227931,4.898799801,23.26466667,3576.567999,7343.3335,0.487049648,8.503333333,,,,,50.14,30.465,7.5,0,59.20000076293945,59.66699981689453,29.46500015258789,29.66799926757813
37,2,1977,6.232016563,6.232016563,5.016000175,23.60233333,3825.847672,7034.6665,0.543856297,8.446666667,,,,,51.53,30.895,7.099999904632568,0,60.23300170898438,60.63299942016602,29.9689998626709,30.12100028991699
38,3,1977,6.235309,6.235309,5.250399971,23.79033333,4042.732437,6835.0,0.591475119,8.45,,,,,52.211,31.271,6.900000095367432,0,61.06700134277344,61.5,30.41900062561035,30.62199974060059
39,4,1977,6.237757,6.237757,5.250399971,24.26966667,4400.912248,6654.6665,0.661327243,8.74,,,,,52.742,31.947,6.699999809265137,0,61.96699905395508,62.33300018310547,30.85199928283691,31.0669994354248
40,1,1978,6.239311,6.239311,5.438633347,24.44266667,4640.291813,6381.3335,0.727166479,8.79,5.966666667,,,,53.622,32.411,6.300000190734863,0,63.03300094604492,63.43299865722656,31.35799980163574,31.55200004577637
41,2,1978,6.239927,6.239927,5.815100098,24.71933333,5007.101811,6111.6665,0.819269476,8.893333333,6.7,,,,54.917,33.031,6.0,0,64.46700286865234,64.73300170898438,32.00199890136719,32.09600067138672
42,3,1978,6.239574432,6.239574432,5.815100098,25.098,5075.722834,6171.3335,0.822467759,9.053333333,7.4,,,,55.826,33.592,6.0,0,65.96700286865234,66.13300323486328,32.56399917602539,32.64699935913086
43,4,1978,6.23823452,6.23823452,6.059166813,26.013,5305.820644,6084.0,0.872094123,9.28,7.4,,,,56.799,34.279,5.900000095367432,0,67.5,67.5999984741211,33.17900085449219,33.23300170898438
44,1,1979,6.235909462,6.235909462,6.547299767,27.02266667,5210.335805,6130.3335,0.849926975,9.66,8.633333333,,,,59.01,34.904,5.900000095367432,0,69.19999694824219,69.16699981689453,33.80400085449219,33.6870002746582
45,2,1979,6.232617,6.232617,6.547299767,29.61,5323.283273,5956.0,0.893768179,10.91333333,9.8,,,,62.081,35.759,5.699999809265137,0,71.4000015258789,70.80000305175781,34.72800064086914,34.42699813842773
46,3,1979,6.228393555,6.228393555,7.116700077,33.10066667,5310.224725,6168.6665,0.860838355,13.98666667,9.8,,,,66.728,36.541,5.900000095367432,0,73.69999694824219,72.63300323486328,35.59000015258789,35.0629997253418
47,4,1979,6.22329,6.22329,6.9,35.30466667,5267.463634,6286.3335,0.837923033,15.86,9.633333333,,,,71.182,37.219,6.0,0,76.03299713134766,74.83300018310547,36.45100021362305,35.79399871826172
48,1,1980,6.21737051,6.21737051,,39.008,4905.769309,6704.6665,0.731694755,18.68333333,10.2,,,,77.182,38.001,6.300000190734863,1,79.03299713134766,77.5999984741211,37.54600143432617,36.66999816894531
49,2,1980,6.210709,6.210709,7.85,40.89,4046.243808,7813.3335,0.517863958,20.95,9.066666667,,,,80.023,38.905,7.300000190734863,1,81.69999694824219,80.19999694824219,38.4640007019043,37.4900016784668
50,3,1980,6.203388,6.203388,,41.40066667,4053.236415,8221.667,0.492994476,22.50666667,8.766666667,,,,82.279,39.774,7.699999809265137,0,83.23300170898438,81.4000015258789,39.36399841308594,38.32500076293945
51,4,1980,6.195495605,6.195495605,8.25,42.06066667,4257.475832,7943.0,0.536003504,24.35,9.3,,,,83.685,40.81,7.400000095367432,0,85.56700134277344,83.93299865722656,40.3380012512207,39.25799942016602
52,1,1981,6.187123,6.187123,,45.38833333,4156.959316,8034.6665,0.517377954,32.56666667,8.433333333,,,,85.766,41.885,7.400000095367432,0,87.93299865722656,85.9000015258789,41.38399887084961,40.12900161743164
53,2,1981,6.178361416,6.178361416,7.8,46.28033333,4145.359941,8047.0,0.515143524,32.77666667,7.466666667,,,,86.238,42.715,7.400000095367432,0,89.76699829101562,87.80000305175781,42.07799911499023,40.88800048828125
54,3,1981,6.169302464,6.169302464,,46.497,4019.591861,8043.0,0.499762758,31.1,6.5,,,,83.968,43.519,7.400000095367432,1,92.26699829101564,90.76699829101564,42.77199935913086,41.64099884033203
55,4,1981,6.160031,6.160031,7.05,47.16166667,3582.221356,8980.667,0.398881437,30.91666667,6.433333333,,,,84.146,44.271,8.199999809265137,1,93.76699829101564,92.53299713134766,43.42699813842773,42.38100051879883
56,1,1982,6.150627,6.150627,,47.146,3329.511104,9665.667,0.344467806,29.61333333,4.833333333,,,,83.916,44.88,8.800000190734863,1,94.59999847412108,93.66699981689452,43.97900009155273,43.00199890136719
57,2,1982,6.141159534,6.141159534,5.7,46.04733333,3012.991132,10372.333,0.290483456,27.80666667,4.266666667,,,,82.457,45.463,9.399999618530272,1,95.96700286865234,95.40000152587892,44.40200042724609,43.58300018310547
58,3,1982,6.131687,6.131687,,47.49266667,2656.247077,10982.333,0.241865465,28.02333333,4.766666667,,,,81.48,46.108,9.899999618530272,1,97.63300323486328,97.0,45.10300064086914,44.28200149536133
59,4,1982,6.122254,6.122254,5.65,47.87833333,2577.936521,11839.333,0.217743392,28.50666667,4.3,,,,80.854,46.586,10.69999980926514,1,97.93299865722656,97.33300018310548,45.60100173950195,44.89899826049805
60,1,1983,6.112889,6.112889,5.3,46.66366667,2706.807023,11495.667,0.235463242,26.57,2.533333333,,,,79.147,46.938,10.39999961853027,0,98.0,97.93299865722656,45.97800064086914,45.48799896240234
61,2,1983,6.103606,6.103606,,47.61633333,2994.00074,11222.667,0.266781572,25.97,3.266666667,,,,79.146,47.286,10.10000038146973,0,99.13300323486328,98.90000152587892,46.39799880981445,45.83599853515625
62,3,1983,6.094400406,6.094400406,,48.09033333,3322.795258,10484.333,0.31692958,25.99,3.266666667,,,,79.3,47.789,9.399999618530272,0,100.0999984741211,100.1330032348633,47.00799942016602,46.53300094604492
63,4,1983,6.085254,6.085254,5.2,47.95566667,3760.177903,9572.333,0.392817289,26.00333333,3.566666667,,,,78.803,48.151,8.5,0,101.0999984741211,101.4329986572266,47.31800079345703,46.90499877929688
64,1,1984,6.076131,6.076131,5.6,48.163,4084.070467,8848.333,0.46156383,26.01333333,3.3,,,,79.054,48.639,7.900000095367432,0,102.5329971313477,102.8330001831055,47.83000183105469,47.37900161743164
65,2,1984,6.066982,6.066982,,48.359,4400.503485,8481.333,0.518845739,26.00666667,4.1,,,,79.498,49.055,7.400000095367432,0,103.5,104.0999984741211,48.29299926757813,47.93399810791016
66,3,1984,6.057761,6.057761,,48.00666667,4482.831729,8474.333,0.528989329,26.03333333,3.133333333,,,,78.081,49.491,7.400000095367432,0,104.4000015258789,105.4000015258789,48.66500091552734,48.38399887084961
67,4,1984,6.048421383,6.048421383,5.2,48.19833333,4555.73845,8312.333,0.548069772,25.47,3.4,,,,77.111,49.861,7.300000190734863,0,105.3000030517578,106.4670028686523,48.96599960327148,48.72800064086914
68,1,1985,6.038903,6.038903,4.35,48.21366667,4598.611761,8361.0,0.550007387,23.93,3.0,,,,75.242,50.354,7.199999809265137,0,106.2669982910156,107.6330032348633,49.54299926757813,49.39300155639648
69,2,1985,6.029139519,6.029139519,,49.02733333,4627.746237,8385.667,0.551863822,24.14666667,3.3,,,,75.556,50.678,7.300000190734863,0,107.2330017089844,108.7669982910156,49.94499969482422,49.82099914550781
70,3,1985,6.019057,6.019057,,48.69433333,4669.557306,8319.0,0.561312334,23.99666667,2.833333333,,,,75.492,50.984,7.199999809265137,0,107.9000015258789,109.7330017089844,50.33700180053711,50.33300018310547
71,4,1985,6.008578,6.008578,4.55,48.825,4676.491861,8188.0,0.5711397,24.29333333,3.3,,,,76.981,51.269,7.0,0,109.0,111.0,50.6879997253418,50.69400024414063
72,1,1986,5.997622,5.997622,4.0,47.21066667,4597.230359,8193.333,0.561094045,17.79666667,2.666666667,,,,77.155,51.524,7.0,0,109.5670013427734,112.1999969482422,51.04700088500977,51.24100112915039
73,2,1986,5.98611,5.98611,,42.423,4640.12567,8437.0,0.549973411,10.70333333,2.666666667,,,,74.776,51.719,7.199999809265137,0,109.0329971313477,113.1330032348633,50.99300003051758,51.59199905395508
74,3,1986,5.973967552,5.973967552,,40.998,4655.581274,8254.667,0.563993832,10.03666667,2.9,,,,75.29,51.931,7.0,0,109.6999969482422,114.1999969482422,51.26300048828125,51.94699859619141
75,4,1986,5.961125374,5.961125374,4.0,40.02033333,4735.610447,8095.0,0.585004379,11.26,3.0,,,,76.206,52.214,6.800000190734863,0,110.4670028686523,115.3000030517578,51.57300186157227,52.36999893188477
76,1,1987,5.947525501,5.947525501,4.2,42.20766667,4821.560002,7873.0,0.612417122,14.28,3.0,,,,78.136,52.548,6.599999904632568,0,111.8000030517578,116.2330017089844,52.06100082397461,52.70100021362305
77,2,1987,5.933125496,5.933125496,,42.70733333,5095.739294,7504.6665,0.679009426,15.39666667,3.233333333,,,,80.163,52.912,6.300000190734863,0,113.0670013427734,117.6330032348633,52.56399917602539,53.2130012512207
78,3,1987,5.917901516,5.917901516,,43.86166667,5290.990171,7210.3335,0.733806581,16.73,3.1,,,,80.975,53.313,6.0,0,114.2669982910156,118.7330017089844,53.0620002746582,53.68999862670898
79,4,1987,5.901855,5.901855,4.5,43.76266667,5380.407281,7066.0,0.761450224,15.22666667,3.2,,,,82.245,53.738,5.800000190734863,0,115.3330001831055,120.0999984741211,53.52000045776367,54.23500061035156
80,1,1988,5.885015,5.885015,4.3,43.20666667,5212.757325,6919.3335,0.753361191,13.34333333,3.166666667,,,,83.434,54.159,5.699999809265137,0,116.2330017089844,121.2669982910156,53.94300079345703,54.75899887084961
81,2,1988,5.86744,5.86744,,43.23533333,5313.246787,6642.0,0.799946821,13.87666667,3.433333333,,,,84.933,54.686,5.5,0,117.5670013427734,122.7330017089844,54.53900146484375,55.42200088500977
82,3,1988,5.849217,5.849217,,43.73666667,5289.266439,6684.0,0.791332501,12.07666667,4.3,,,,84.001,55.34,5.5,0,119.0,124.0999984741211,55.20999908447266,56.06100082397461
83,4,1988,5.830452442,5.830452442,4.35,43.682,5351.738757,6541.0,0.818183574,10.97333333,3.833333333,,,,84.682,55.818,5.300000190734863,0,120.3000030517578,125.5999984741211,55.76900100708008,56.6870002746582
84,1,1989,5.811267376,5.811267376,4.25,44.328,5172.482401,6415.3335,0.806268669,14.56333333,3.766666667,,,,86.028,56.4,5.199999809265137,0,121.6669998168945,126.9329986572266,56.40999984741211,57.30599975585938
85,2,1989,5.791787,5.791787,,47.43,5121.546907,6473.3335,0.791176124,16.74,4.233333333,,,,86.971,57.001,5.199999809265137,0,123.6330032348633,128.3000030517578,57.16899871826172,57.82699966430664
86,3,1989,5.772135,5.772135,,46.416,4960.414547,6532.0,0.759402105,15.63666667,3.666666667,,,,85.486,57.417,5.199999809265137,0,124.5999984741211,129.5330047607422,57.50600051879883,58.25699996948242
87,4,1989,5.752428532,5.752428532,4.2,45.959,4977.210694,6674.0,0.745761267,16.52,3.533333333,,,,85.939,57.826,5.400000095367432,0,125.8669967651367,131.1000061035156,57.95899963378906,58.79100036621094
88,1,1990,5.732765,5.732765,3.95,47.956,4805.872687,6667.0,0.720844861,17.74,3.966666667,,,,87.282,58.45,5.300000190734863,0,128.0330047607422,132.7669982910156,58.79899978637695,59.46799850463867
89,2,1990,5.71323061,5.71323061,4.21,47.46,4555.034622,6709.6665,0.678876457,13.71,3.6,,,,85.754,59.105,5.300000190734863,0,129.3000030517578,134.5,59.33300018310547,60.13199996948242
90,3,1990,5.693902493,5.693902493,,49.78066667,4312.764134,7159.3335,0.602397435,21.45333333,4.233333333,,,,88.251,59.611,5.699999809265137,1,131.5330047607422,136.5,60.08700180053711,60.7400016784668
91,4,1990,5.674851418,5.674851418,4.15,54.50533333,3752.416207,7708.0,0.486820992,27.00666667,4.733333333,,,,93.155,60.055,6.099999904632568,1,133.7669982910156,138.0670013427734,60.88100051879883,61.25
92,1,1991,5.656145573,5.656145573,4.05,51.393,3301.84942,8288.667,0.398357109,17.00333333,3.533333333,,,,90.303,60.643,6.599999904632568,1,134.7669982910156,140.0670013427734,61.20199966430664,61.79299926757813
93,2,1991,5.637838,5.637838,4.08,49.65133333,3215.826284,8622.333,0.372964751,16.06,3.2,,,,87.811,61.088,6.800000190734863,0,135.5670013427734,141.3329925537109,61.5359992980957,62.27000045776367
94,3,1991,5.619961,5.619961,,49.45833333,3105.990113,8658.0,0.358742217,16.55666667,3.1,,,,86.486,61.566,6.900000095367432,0,136.6000061035156,142.8670043945313,61.95399856567383,62.83000183105469
95,4,1991,5.602534,5.602534,4.0,50.081,3013.144641,8990.333,0.335153841,16.50666667,2.933333333,,,,86.876,61.931,7.099999904632568,0,137.7330017089844,144.1999969482422,62.40299987792969,63.32500076293945
96,1,1992,5.585576534,5.585576534,3.7,49.57566667,3021.78777,9399.0,0.321500986,14.05,2.633333333,,,,87.27,62.161,7.400000095367432,0,138.6670074462891,145.4669952392578,62.79499816894531,63.80899810791016
97,2,1992,5.569084,5.569084,3.9,49.99533333,3103.436282,9733.0,0.318857113,16.56666667,3.0,,,,87.604,62.535,7.599999904632568,0,139.7330017089844,146.7330017089844,63.21200180053711,64.26000213623047
98,3,1992,5.553059,5.553059,3.75,50.67,3105.64883,9806.0,0.316709038,17.35666667,2.833333333,,,,88.719,62.841,7.599999904632568,0,140.8000030517578,147.8670043945313,63.6150016784668,64.63999938964844
99,4,1992,5.537511,5.537511,3.6,51.27866667,3195.339127,9506.667,0.336115605,16.03333333,2.833333333,,,,88.01,63.273,7.400000095367432,0,142.0330047607422,149.1999969482422,64.05899810791016,65.11399841308594
100,1,1993,5.522455,5.522455,3.5,51.22,3230.563024,9188.0,0.351606772,15.39,3.066666667,,,,87.493,63.628,7.099999904632568,0,143.0670013427734,150.5,64.44100189208984,65.56300354003906
101,2,1993,5.50790453,5.50790453,3.7,50.87366667,3317.324867,9126.667,0.36347605,15.74666667,3.133333333,,,,87.802,64.007,7.099999904632568,0,144.1000061035156,151.7669982910156,64.8740005493164,66.06099700927734
102,3,1993,5.493864536,5.493864536,3.45,50.327,3445.706924,8802.333,0.391453825,13.65666667,3.066666667,,,,87.02,64.387,6.800000190734863,0,144.7669982910156,152.6670074462891,65.15599822998047,66.43000030517578
103,4,1993,5.480341434,5.480341434,3.45,50.932,3645.971792,8589.667,0.424460202,14.81,3.033333333,,,,86.66,64.738,6.599999904632568,0,145.9669952392578,153.8670043945313,65.53099822998047,66.77200317382812
104,1,1994,5.467338562,5.467338562,3.45,50.59133333,3982.609573,8561.0,0.465203781,10.71333333,2.866666667,,,,86.594,65.048,6.599999904632568,0,146.6999969482422,154.8670043945313,65.76599884033203,67.07499694824219
105,2,1994,5.454845,5.454845,3.5,50.156,4145.292415,8057.6665,0.514453212,13.75333333,2.933333333,,,,87.399,65.362,6.199999809265137,0,147.5330047607422,155.9329986572266,66.13300323486328,67.5260009765625
106,3,1994,5.442838,5.442838,3.5,51.57366667,4253.139262,7871.0,0.540355642,14.48666667,3.133333333,,,,88.866,65.737,6.0,0,148.8999938964844,157.1000061035156,66.60800170898438,67.90299987792969
107,4,1994,5.431291,5.431291,3.5,51.82433333,4524.197646,7412.3335,0.610360779,13.80333333,3.066666667,,,,89.213,66.093,5.599999904632568,0,149.7669982910156,158.1000061035156,66.91999816894531,68.24800109863281
108,1,1995,5.420172,5.420172,3.3,51.70533333,4423.750955,7238.3335,0.611156001,14.46333333,3.066666667,,,,89.97,66.452,5.5,0,150.8670043945313,159.4329986572266,67.24800109863281,68.60600280761719
109,2,1995,5.409451485,5.409451485,3.35,51.64733333,4233.427257,7500.6665,0.564406811,15.57,3.066666667,,,,91.278,66.771,5.699999809265137,0,152.1000061035156,160.7330017089844,67.63800048828125,69.01300048828125
110,3,1995,5.399091,5.399091,3.2,51.37333333,4372.985361,7496.3335,0.583349895,14.21,2.866666667,,,,90.715,67.1,5.699999809265137,0,152.8670043945313,161.8000030517578,67.91500091552734,69.34200286865234
111,4,1995,5.38905,5.38905,3.0,51.02666667,4461.311356,7392.3335,0.603505152,14.24333333,2.8,,,,89.903,67.423,5.599999904632568,0,153.6999969482422,162.9329986572266,68.21299743652344,69.69000244140625
112,1,1996,5.379276,5.379276,3.0,52.55,4383.195657,7374.0,0.594412213,16.2,2.833333333,,,,89.709,67.747,5.5,0,155.0670013427734,164.0330047607422,68.59300231933594,69.96399688720703
113,2,1996,5.369709492,5.369709492,3.0,54.297,4361.732821,7311.0,0.596598662,18.15333333,3.0,,,,89.246,68.028,5.5,0,156.3999938964844,165.0,69.052001953125,70.2959976196289
114,3,1996,5.360292435,5.360292435,3.0,53.64633333,4398.602315,7066.0,0.62250245,18.61666667,3.1,,,,88.349,68.251,5.300000190734863,0,157.3000030517578,166.0670013427734,69.34600067138672,70.61699676513672
115,4,1996,5.350973606,5.350973606,3.0,54.891,4572.502671,7173.3335,0.637430655,20.87666667,3.0,,,,88.318,68.615,5.300000190734863,0,158.6670074462891,167.1329956054688,69.81900024414062,71.01899719238281
116,1,1997,5.341696,5.341696,3.0,55.93066667,4732.282134,7086.6665,0.667772659,19.65666667,2.933333333,,,,87.653,69.025,5.199999809265137,0,159.6329956054688,168.1000061035156,70.12699890136719,71.2979965209961
117,2,1997,5.332409382,5.332409382,2.85,53.61333333,4682.369459,6775.6665,0.69105666,16.58,2.9,,,,85.833,69.162,5.0,0,160.0,169.1670074462891,70.3030014038086,71.66999816894531
118,3,1997,5.32308054,5.32308054,3.0,53.93366667,4851.861358,6639.6665,0.730738714,16.16333333,2.733333333,,,,85.27,69.464,4.900000095367432,0,160.8000030517578,169.8999938964844,70.48799896240234,71.83699798583984
119,4,1997,5.31369,5.31369,2.65,54.167,5047.553819,6412.6665,0.787122458,16.51,2.833333333,,,,84.595,69.695,4.699999809265137,0,161.6670074462891,170.8670043945313,70.70999908447266,72.06500244140625
120,1,1998,5.304222,5.304222,2.6,51.09033333,5210.937516,6365.3335,0.818643283,12.25666667,2.4,,,,82.505,69.794,4.599999904632568,0,162.0,171.8999938964844,70.71499633789062,72.2770004272461
121,2,1998,5.294664,5.294664,2.5,49.87933333,5236.678946,6066.6665,0.863188861,10.80333333,2.566666667,,,,81.493,69.959,4.400000095367432,0,162.5330047607422,172.8670043945313,70.84300231933594,72.49800109863281
122,3,1998,5.285001,5.285001,2.5,49.512,5181.641017,6246.0,0.829593503,10.64333333,2.433333333,,,,80.428,70.255,4.5,0,163.3670043945313,173.8999938964844,71.06199645996094,72.75599670410156
123,4,1998,5.275233,5.275233,2.5,48.79033333,5170.763601,6137.3335,0.842509797,9.663333333,2.433333333,,,,80.371,70.453,4.400000095367432,0,164.1329956054688,174.8670043945313,71.2490005493164,72.98799896240234
124,1,1999,5.265363,5.265363,2.3,48.112,5527.116611,5956.6665,0.927887538,9.31,2.633333333,,,,80.095,70.682,4.300000190734863,0,164.7330017089844,175.6329956054688,71.38899993896484,73.1709976196289
125,2,1999,5.255394459,5.255394459,2.5,50.94233333,5353.157816,5917.0,0.904708098,13.71,2.666666667,,,,81.098,70.949,4.300000190734863,0,165.9669952392578,176.4669952392578,71.7959976196289,73.42500305175781
126,3,1999,5.245333672,5.245333672,2.5,53.248,5287.485798,5926.0,0.892252075,17.91,2.733333333,,,,82.084,71.2,4.199999809265137,0,167.1999969482422,177.3999938964844,72.19100189208984,73.69499969482422
127,4,1999,5.235184669,5.235184669,2.5,55.04333333,5425.401946,5715.6665,0.949215974,21.20333333,2.933333333,,,,83.22,71.595,4.099999904632568,0,168.4329986572266,178.3999938964844,72.62899780273438,74.04199981689453
128,1,2000,5.224948,5.224948,2.5,58.90533333,5818.883572,5766.3335,1.009113256,25.06666667,3.033333333,,,,84.814,72.071,4.0,0,170.1000061035156,179.5670013427734,73.21900177001953,74.43000030517578
129,2,2000,5.214622,5.214622,2.5,60.39266667,5534.358653,5630.0,0.983012194,25.46666667,3.033333333,,,,84.9,72.52,3.900000095367432,0,171.4329986572266,180.6999969482422,73.56800079345703,74.68900299072266
130,3,2000,5.204211,5.204211,2.5,62.29433333,5292.790666,5741.6665,0.921821333,28.14666667,2.866666667,,,,85.498,72.944,4.0,0,173.0,181.8999938964844,74.04199981689453,75.05000305175781
131,4,2000,5.193731,5.193731,2.5,63.63666667,5150.460261,5602.3335,0.91934196,28.15666667,2.966666667,,,,85.691,73.337,3.900000095367432,0,174.2330017089844,183.0,74.45999908447266,75.4209976196289
132,1,2001,5.183196545,5.183196545,2.5,64.981,5031.0,6084.3335,0.826877751,24.29666667,2.866666667,,,,85.384,73.822,4.199999809265137,0,175.8999938964844,184.3329925537109,75.01200103759766,75.91200256347656
133,2,2001,5.172613621,5.172613621,2.5,66.19,4467.0,6327.0,0.706021811,23.62666667,3.1,,,,83.652,74.266,4.400000095367432,1,177.1329956054688,185.4669952392578,75.36299896240234,76.1989974975586
134,3,2001,5.161983,5.161983,2.5,62.941,4180.666667,6922.3335,0.603938927,22.75666667,2.7,,,,82.434,74.558,4.800000190734863,1,177.6329956054688,186.7330017089844,75.4010009765625,76.3949966430664
135,4,2001,5.151313,5.151313,2.55,57.24333333,3719.666667,7985.0,0.465831768,16.89,1.066666667,,,,80.479,74.792,5.5,1,177.5,187.9669952392578,75.43199920654297,76.76399993896484
136,1,2002,5.140615463,5.140615463,2.5,55.666,3582.333333,8233.667,0.435083582,17.7,2.233333333,,,,80.197,75.027,5.699999809265137,0,178.0670013427734,189.0,75.58399963378906,77.0
137,2,2002,5.129905,5.129905,2.5,59.18433333,3446.666667,8463.667,0.407230893,22.87333333,2.733333333,,,,81.967,75.289,5.800000190734863,0,179.4669952392578,189.9669952392578,76.1449966430664,77.4229965209961
138,3,2002,5.119209,5.119209,2.5,59.97733333,3395.0,8315.0,0.408298256,24.78333333,2.566666667,,,,82.673,75.65,5.699999809265137,0,180.4329986572266,190.9669952392578,76.53900146484375,77.83599853515625
139,4,2002,5.108561516,5.108561516,2.45,61.877,3387.333333,8489.0,0.399026191,24.65333333,2.466666667,,,,83.225,76.089,5.900000095367432,0,181.5,191.8329925537109,76.89600372314453,78.11299896240234
140,1,2003,5.09799,5.09799,2.5,68.19966667,3256.333333,8575.333,0.379732581,30.12333333,2.766666667,,,,85.269,76.461,5.900000095367432,0,183.3670043945313,192.4669952392578,77.48400115966797,78.35399627685547
141,2,2003,5.087525,5.087525,2.5,64.21633333,3262.333333,9021.667,0.361610923,25.74666667,2.166666667,,,,83.927,76.73,6.099999904632568,0,183.0670013427734,192.8000030517578,77.56199645996094,78.6510009765625
142,3,2003,5.077202,5.077202,2.5,67.03433333,3087.333333,8942.667,0.345236307,26.89666667,2.333333333,,,,84.2,77.169,6.099999904632568,0,184.4329986572266,193.5670013427734,78.072998046875,79.01100158691406
143,4,2003,5.067058563,5.067058563,2.5,67.16566667,3347.666667,8541.667,0.391921936,27.42333333,2.633333333,,,,84.706,77.639,5.800000190734863,0,185.1329956054688,194.0670013427734,78.45700073242188,79.36499786376953
144,1,2004,5.057126,5.057126,2.5,70.89833333,3493.666667,8342.667,0.41877096,31.47333333,2.733333333,,,,86.696,78.193,5.699999809265137,0,186.6999969482422,195.0,79.06199645996094,79.802001953125
145,2,2004,5.047432423,5.047432423,2.5,72.196,3519.333333,8222.667,0.428003874,34.48666667,3.266666667,,,,87.733,78.824,5.599999904632568,0,188.1670074462891,196.2330017089844,79.59400177001953,80.25800323486328
146,3,2004,5.038008,5.038008,2.5,74.36233333,3725.333333,8017.6665,0.464640595,39.06666667,2.866666667,2.284004329,2.674464286,2.835358947,88.718,79.324,5.400000095367432,0,189.3670043945313,197.0670013427734,79.98500061035156,80.54499816894531
147,4,2004,5.028878689,5.028878689,2.5,79.41233333,3829.666667,7975.6665,0.480168857,42.40333333,2.966666667,2.70212368,2.883267544,2.817883535,90.905,79.939,5.400000095367432,0,191.3999938964844,198.2669982910156,80.66899871826172,80.98200225830078
148,1,2005,5.020076,5.020076,2.45,79.02766667,3937.666667,7833.6665,0.502659472,43.31,3.0,2.861921798,2.900935673,2.862894737,91.689,80.578,5.300000190734863,0,192.3670043945313,199.5,81.13800048828125,81.55799865722656
149,2,2005,5.011637,5.011637,2.5,80.94066667,4006.0,7615.6665,0.526020933,47.04,3.233333333,2.903725982,2.839670008,2.779047619,92.653,81.158,5.099999904632568,0,193.6670074462891,200.4329986572266,81.6510009765625,81.96199798583984
150,3,2005,5.00365448,5.00365448,2.5,92.61766667,4250.0,7434.6665,0.571646354,57.29666667,3.466666667,2.921093567,2.737793461,2.693344474,94.493,81.898,5.0,0,196.6000061035156,201.1000061035156,82.53199768066406,82.28099822998047
151,4,2005,4.996716776,4.996716776,2.5,95.52,4238.0,7432.6665,0.57018568,54.47666667,3.666666667,2.73170469,2.768037662,2.794192063,96.101,82.571,5.0,0,198.4329986572266,202.4329986572266,83.18900299072266,82.83100128173828
152,1,2006,4.987016737,4.987016737,2.5,95.27866667,4484.666667,7106.6665,0.631050672,56.39333333,3.0,2.759672991,2.776714229,2.818349111,96.315,83.156,4.699999809265137,0,199.4669952392578,203.6999969482422,83.62100219726562,83.31099700927734
153,2,2006,4.976734476,4.976734476,2.5,98.48633333,4622.333333,7033.6665,0.657172661,63.85666667,3.533333333,3.105486054,2.982308215,3.00633971,97.486,83.882,4.599999904632568,0,201.2669982910156,205.3670043945313,84.3550033569336,83.9749984741211
154,3,2006,4.966011158,4.966011158,2.5,101.9743333,4613.666667,7037.6665,0.655567675,64.76333333,3.366666667,2.681884058,2.849439268,2.920143202,98.444,84.468,4.599999904632568,0,203.1670074462891,206.7669982910156,84.96199798583984,84.427001953125
155,4,2006,4.95504008,4.95504008,2.5,92.02166667,4618.666667,6787.0,0.680516674,53.57,3.0,2.101359596,2.486383478,2.657775541,97.306,84.77,4.400000095367432,0,202.3329925537109,207.8329925537109,84.8219985961914,84.79100036621094
156,1,2007,4.94404698,4.94404698,2.35,95.69833333,4808.0,6924.6665,0.694329467,52.40333333,3.0,2.804473096,2.591633557,2.679321765,97.941,85.576,4.5,0,204.3170013427734,209.0509948730469,85.59700012207031,85.375
157,2,2007,4.933268579,4.933268579,2.4,102.429,4735.0,6865.0,0.689730517,59.81666667,3.333333333,2.699403037,2.68617136,2.772840097,99.58,86.171,4.5,0,206.6309967041016,210.0659942626953,86.3239974975586,85.73100280761719
158,3,2007,4.922925139,4.922925139,2.4,103.4113333,4598.666667,7128.6665,0.645094937,70.09,3.233333333,1.907143083,2.530410968,2.760885178,100.953,86.642,4.699999809265137,0,207.9389953613281,211.1490020751953,86.81199645996094,86.1520004272461
159,4,2007,4.913194325,4.913194325,2.4,109.565,4609.0,7374.0,0.625033903,83.92,3.3,2.64229776,2.673528766,2.778269308,104.69,86.993,4.800000190734863,0,210.4900054931641,212.6349945068359,87.69400024414062,86.74700164794922
160,1,2008,4.912083379,4.904191719,2.5,114.33,4376.0,7668.0,0.570683359,91.63666667,3.766666667,2.313466529,2.616862526,2.785361077,108.679,87.315,5.0,1,212.7700042724609,214.0429992675781,88.40799713134766,87.20700073242188
161,2,2008,4.960114109,4.89596057,2.5,123.0146667,4019.666667,8202.333,0.490063823,117.5533333,5.033333333,2.920846825,2.843107071,2.86440974,113.84,87.738,5.300000190734863,1,215.5379943847656,214.9730072021484,89.26899719238281,87.572998046875
162,3,2008,4.990479336,4.88847076,2.5,131.9253333,3548.333333,9289.667,0.381965611,113.1366667,4.733333333,2.530745953,2.582832988,2.673301738,116.493,88.399,6.0,1,218.8609924316406,216.3569946289063,90.22100067138672,88.0199966430664
163,4,2008,5.104601542,4.881623295,2.5,100.417,3251.333333,10632.667,0.305787187,54.55,2.833333333,-2.39307971,0.633306159,1.719732298,103.878,88.613,6.900000095367432,1,213.8489990234375,216.8869934082031,88.78099822998047,87.95099639892578
164,1,2009,5.212292418,4.875261901,2.4,88.332,2712.0,12794.0,0.211974363,37.19666667,2.033333333,-1.945910606,1.026126515,2.034066364,95.269,88.543,8.300000190734863,1,212.3780059814453,217.7969970703125,88.18099975585938,87.94999694824219
165,2,2009,5.283114938,4.869192265,2.5,90.72166667,2449.0,14353.0,0.17062635,53.65,2.9,-0.168059163,1.685213564,2.331400144,96.563,88.396,9.300000190734863,1,213.5070037841797,218.9069976806641,88.53099822998047,88.29399871826172
166,3,2009,5.395247122,4.86320598,2.5,98.70333333,2352.333333,14808.0,0.158855574,63.66666667,2.633333333,0.788118985,1.681744714,2.477169214,99.608,88.501,9.600000381469728,0,215.343994140625,219.5599975585938,89.14199829101562,88.60700225830078
167,4,2009,5.503899202,4.857106944,2.2627,103.0226667,2492.333333,15223.0,0.163721562,70.74333333,2.7,0.878021363,2.064501333,2.601209731,102.422,88.781,9.899999618530272,0,217.0299987792969,220.6829986572266,89.83000183105469,89.15899658203125
168,1,2010,5.648051059,4.850728283,2.39,104.102,2727.333333,15120.333,0.180375216,73.79333333,2.733333333,1.201737681,2.184396014,2.653713116,104.146,89.036,9.800000190734863,0,217.3739929199219,220.7160034179688,90.177001953125,89.46399688720703
169,2,2010,5.690288816,4.843936591,2.4,102.1023333,2980.666667,14882.667,0.200277724,73.49333333,2.966666667,0.916157648,2.101910895,2.592008009,103.693,89.471,9.600000381469728,0,217.2969970703125,220.9929962158203,90.31700134277344,89.70500183105469
170,3,2010,5.726967342,4.836630897,2.3,103.0723333,2999.666667,14579.667,0.205743154,71.55666667,2.533333333,0.705712121,1.597825758,2.192059091,103.115,89.743,9.5,0,217.9340057373047,221.5279998779297,90.49099731445312,89.84300231933594
171,4,2010,5.770941881,4.828742863,2.2,109.517,3168.0,14648.333,0.216270343,79.73333333,2.9,1.114738127,1.926824126,2.52132684,105.463,90.264,9.5,0,219.6990051269531,222.1069946289063,91.06999969482422,90.1269989013672
172,1,2011,5.804344038,4.820244007,2.3,116.2363333,3197.0,13856.667,0.230719263,90.51333333,3.8,2.072172429,2.355387077,2.698580003,109.71,90.726,9.0,0,222.0440063476563,223.1569976806641,91.83499908447266,90.52300262451172
173,2,2011,5.822588923,4.811158124,2.4,123.5316667,3297.666667,13924.667,0.236821941,102.8533333,4.166666667,2.269680736,2.469015224,2.755306133,113.003,91.326,9.100000381469728,0,224.5679931640625,224.1999969482422,92.73799896240234,91.052001953125
174,3,2011,5.830605261,4.801569813,2.4,122.9853333,3575.333333,13843.0,0.258277348,92.34666667,3.4,1.306045589,2.12418487,2.553703909,112.868,91.876,9.0,0,226.0330047607422,225.7330017089844,93.16699981689452,91.46800231933594
175,4,2011,5.847203348,4.791622118,2.5,122.3703333,3650.666667,13329.667,0.273875309,97.05666667,3.166666667,1.392278139,1.996763636,2.338206061,112.551,91.985,8.600000381469727,0,227.0469970703125,226.9369964599609,93.4739990234375,91.79399871826172
176,1,2012,5.815009226,4.781499529,2.3,123.988,3834.666667,12774.333,0.300185275,102.15,3.5,2.095451082,2.277572294,2.568795382,113.641,92.525,8.300000190734863,0,228.3260040283203,228.1300048828125,94.09400177001952,92.3730010986328
177,2,2012,5.781262444,4.771399521,2.48,121.194,3846.333333,12666.0,0.303673878,94.26,3.1,1.43484893,2.184792271,2.515798896,112.757,92.907,8.199999809265137,0,228.8079986572266,229.2510070800781,94.3209991455078,92.75499725341795
178,3,2012,5.712411406,4.761502715,2.35,121.859,3808.666667,12414.0,0.306804146,91.53666667,3.3,1.625324928,2.214912694,2.533257602,110.945,93.417,8.0,0,229.8410034179688,230.2870025634766,94.59500122070312,93.02300262451172
179,4,2012,5.656054951,4.751948857,2.3,124.9646667,3874.333333,12142.333,0.319076518,90.56333333,3.133333333,1.584620635,2.395725952,2.730246217,112.104,93.885,7.800000190734863,0,231.3690032958984,231.3600006103516,95.1259994506836,93.43499755859376
180,1,2013,5.516896662,4.742824857,2.3,124.5266667,4001.0,12036.667,0.332400988,95.18333333,3.266666667,1.982141591,2.517172478,2.784178682,112.278,94.258,7.699999809265137,0,232.2989959716797,232.531005859375,95.45899963378906,93.8000030517578
181,2,2013,5.370586944,4.734167218,2.3,120.22,4094.333333,11721.667,0.349296165,94.32666667,3.066666667,1.39398944,2.245059335,2.559395599,110.852,94.461,7.5,0,232.0449981689453,233.0590057373047,95.50800323486328,94.06400299072266
182,3,2013,5.265987002,4.725973252,2.205,121.4603333,4032.666667,11294.667,0.357041661,102.23,3.133333333,1.625132919,2.193906042,2.517242973,110.356,94.924,7.199999809265137,0,233.3000030517578,234.3049926757813,95.9010009765625,94.43399810791016
183,4,2013,5.150994354,4.718212293,2.3,121.3906667,4154.0,10775.667,0.385498178,92.24333333,2.966666667,1.524043315,2.144555405,2.509019534,110.127,95.426,6.900000095367432,0,234.1629943847656,235.3459930419922,96.25399780273438,94.84100341796876
184,1,2014,5.045110253,4.710835162,2.3,124.5586667,4296.0,10310.333,0.416669374,94.2,3.166666667,1.681900373,2.157184689,2.505133665,111.475,95.788,6.699999809265137,0,235.6210021972656,236.2570037841797,96.6959991455078,95.14099884033205
185,2,2014,4.956619687,4.703780831,2.25,124.3013333,4765.0,9673.667,0.492574326,96.97,3.2,1.874254329,2.1903,2.490042208,110.783,96.33,6.199999809265137,0,236.8719940185547,237.47900390625,97.12899780273438,95.55599975585938
186,3,2014,4.887757383,4.696979838,2.2,121.9506667,5036.333333,9489.667,0.530717604,91.43,3.166666667,1.728408551,2.223363806,2.513354426,110.116,96.726,6.099999904632568,0,237.4779968261719,238.4620056152344,97.3939971923828,95.91500091552734
187,4,2014,4.838887231,4.690356278,2.2,112.7476667,4995.0,8932.333,0.559204409,68.25666667,2.833333333,0.830097714,1.786728188,2.153363406,107.984,96.822,5.699999809265137,0,236.8880004882813,239.4109954833984,97.26499938964844,96.1750030517578
188,1,2015,4.810394419,4.683831539,2.1,99.35066667,5340.0,8666.333,0.616177569,43.35666667,2.766666667,0.583624315,1.635957121,1.926026515,103.417,96.769,5.5,0,235.3549957275391,240.2460021972656,96.82900238037108,96.33599853515624
189,2,2015,4.782686752,4.677328466,2.135,102.226,5469.666667,8543.667,0.640201294,53.18666667,2.7,1.543241818,1.840074848,2.068683766,102.05,97.325,5.400000095367432,0,236.9600067138672,241.6990051269531,97.31199645996094,96.76499938964844
190,3,2015,4.756195061,4.670774594,2.15,100.8886667,5670.333333,8022.0,0.706847835,43.09333333,2.8,0.691206468,1.557708263,1.890006161,100.956,97.583,5.099999904632568,0,237.8549957275391,242.8990020751953,97.56500244140624,97.07700347900392
191,4,2015,4.731372,4.664107354,2.15,94.295,5775.333333,7943.0,0.727097234,37.59666667,2.666666667,0.846899724,1.523785316,1.83805373,98.755,97.581,5.0,0,237.8370056152344,244.1849975585938,97.48999786376952,97.31900024414064
192,1,2016,4.708691,4.657280063,2.12,87.56133333,5970.333333,7763.3335,0.769042491,28.13666667,2.566666667,1.116168831,1.464112077,1.715875224,97.004,97.496,4.900000095367432,0,237.6889953613281,245.4589996337891,97.53800201416016,97.72599792480467
193,2,2016,4.688638,4.650266763,2.2,92.07233333,5774.0,7821.0,0.738268764,40.19,2.6,1.818593001,1.659917388,1.837045455,97.516,98.159,4.900000095367432,0,239.5899963378906,247.0760040283203,98.15699768066406,98.26200103759766
194,3,2016,4.671323,4.643065796,2.15,92.12633333,5835.666667,7792.6665,0.748866472,40.57333333,2.533333333,1.70368038,1.575215744,1.762141618,98.235,98.41,4.900000095367432,0,240.6069946289063,248.3650054931641,98.49600219726564,98.68900299072266
195,4,2016,4.656598,4.635697512,2.2161,96.16833333,5842.0,7628.3335,0.765829129,44.59,2.333333333,2.099130794,1.977948413,2.142842713,98.527,98.886,4.800000190734863,0,242.1349945068359,249.5140075683594,98.9469985961914,99.02899932861328
196,1,2017,4.644163,4.628192465,2.3,99.87833333,5796.666667,7306.6665,0.793339434,47.99666667,2.6,2.181463188,2.191330599,2.298405962,99.589,99.39,4.599999904632568,0,243.8390045166016,250.8029937744141,99.52400207519533,99.48799896240234
197,2,2017,4.63363,4.620574023,2.3,97.17333333,6082.333333,6987.3335,0.870479895,44.86333333,2.566666667,1.685386284,1.968390942,2.12484888,99.682,99.65,4.400000095367432,0,244.1199951171875,251.4680023193359,99.7239990234375,99.8209991455078
198,3,2017,4.624581,4.612838989,2.25,99.09166667,6260.666667,6942.6665,0.901766874,45.18333333,2.633333333,1.759110152,1.957108696,2.106455487,99.742,100.162,4.300000190734863,0,245.2870025634766,252.4440002441406,100.0770034790039,100.1230010986328
199,4,2017,4.616598,4.604940371,2.2,103.8566667,6340.333333,6702.0,0.946036009,53.76333333,2.533333333,1.990894964,2.051361486,2.166776335,100.953,100.778,4.199999809265137,0,247.2380065917969,253.8950042724609,100.6760025024414,100.568000793457
200,1,2018,4.609289,4.596784534,2.25,106.8946667,6673.333333,6514.0,1.024460137,61.37,2.733333333,2.027589474,2.209289091,2.297928327,102.502,101.419,4.0,0,249.3220062255859,255.72900390625,101.379997253418,101.2080001831055
201,2,2018,4.602304,4.588244233,2.3,108.3113333,7056.0,6367.3335,1.108156185,64.15333333,2.833333333,2.048078571,2.282740442,2.356045204,102.79,102.136,3.900000095367432,0,250.6790008544922,257.0580139160156,101.9120025634766,101.7509994506836
202,3,2018,4.595352,4.579182858,2.2,109.2113333,7255.0,6141.3335,1.181339525,64.39333333,2.866666667,2.087781722,2.306772148,2.365098254,102.923,102.577,3.799999952316284,0,251.6860046386719,257.9859924316406,102.2539978027344,102.0759963989258
203,4,2018,4.588214,4.569488335,2.21,107.7973333,7435.0,6238.3335,1.191824708,56.15333333,2.8,1.701786805,2.092022249,2.207037,102.436,103.019,3.799999952316284,0,252.7109985351563,259.4729919433594,102.6419982910156,102.552001953125
204,1,2019,4.559107,4.55910735,2.2,103.242,7289.333333,6245.3335,1.167164785,52.68666667,2.6,1.492570539,1.930593818,2.07515157,101.26,103.375,3.900000095367432,0,253.4140014648438,261.0969848632813,102.8769989013672,102.9619979858398
205,2,2019,4.548072,4.548072317,2.2,107.2786667,7233.666667,5920.3335,1.221834322,59.02333333,2.7,1.773061014,1.889957187,2.031658696,101.707,103.888,3.599999904632568,0,255.2200012207031,262.3800048828125,103.4219970703125,103.4140014648438
206,3,2019,4.536518,4.536518385,2.2,105.0903333,7129.0,5921.3335,1.203951779,55.08,2.7,1.408851897,1.713281627,1.855769355,100.624,104.211,3.599999904632568,0,256.0849914550781,263.9039916992188,103.6740036010742,103.802001953125
207,4,2019,4.524682,4.524682421,2.2,107.387,6995.0,5912.6665,1.183053365,55.50333333,2.433333333,1.609729538,1.712369813,1.866829669,100.343,104.541,3.599999904632568,0,257.8880004882813,265.4490051269531,104.0800018310547,104.1309967041016
208,1,2020,4.512876,4.512875997,2.2,104.4816667,6645.0,6232.0,1.06627086,45.74,2.366666667,0.79965396,1.379558182,1.64470031,100.022,105.037,3.799999952316284,1,258.8030090332031,267.0,104.4160003662109,104.5749969482422
209,2,2020,4.501435,4.501435076,2.135,89.93166667,5396.333333,20537.666,0.262752999,22.33666667,2.766666667,-0.187990281,0.987089091,1.390760823,96.752,104.614,13.0,0,256.3150024414063,265.7659912109375,103.9619979858398,104.3759994506836
210,3,2020,4.490658,4.490658241,2.03,95.058,6593.0,14148.0,0.466002262,37.87666667,2.9,1.648769769,1.721866224,1.845592195,98.771,105.538,8.800000190734863,0,259.239013671875,268.2529907226563,104.8190002441406,105.177001953125
211,4,2020,4.480756,4.480756327,2.12,97.71933333,6797.0,10881.667,0.624628561,39.52,2.633333333,1.611483045,1.869071435,2.034941856,99.536,106.275,6.699999809265137,0,261.0450134277344,269.8009948730469,105.3430023193359,105.6399993896484
212,1,2021,4.471833,4.471832834,2.2,107.9203333,7637.666667,9949.667,0.767630381,55.44666667,3.133333333,2.326871957,2.34126422,2.347674603,102.425,107.668,6.199999809265137,0,263.7340087890625,270.8789978027344,106.5780029296875,106.5699996948242
213,2,2021,4.463892,4.463891501,2.3,112.6343333,9620.333333,9500.667,1.012595572,63.75,4.066666667,3.261100794,2.639435065,2.527531385,105.452,109.305,5.900000095367432,0,268.5580139160156,275.6480102539063,108.2080001831055,108.1389999389648
214,3,2021,4.456865,4.45686518,2.4367,118.505,10768.5,8235.0,1.307650273,68.29666667,4.633333333,3.247893939,2.687651515,2.517866667,107.052,110.92,5.099999904632568,0,272.8869934082031,279.1109924316406,109.7050018310547,109.4209976196289
215,4,2021,4.450651,4.450651062,2.55,128.5563333,11475.0,6818.0,1.683093771,75.17333333,4.833333333,3.881784701,3.011430328,2.764611553,108.876,112.848,4.199999809265137,0,278.7070007324219,283.3739929199219,111.5139999389648,110.8140029907227
216,1,2022,4.445137,4.445136605,2.4981,139.643,11705.0,6251.6665,1.87230077,92.27,5.066666667,4.429625549,3.113967529,2.809108558,112.364,115.135,3.799999952316284,0,284.8940124511719,287.9949951171875,113.5899963378906,112.4300003051758
217,2,2022,4.440214,4.440213593,2.8,153.9643333,11386.0,5964.0,1.909177286,108.4666667,5.333333333,5.268673831,3.322804762,3.001192063,115.284,117.671,3.599999904632568,0,291.5360107421875,292.2260131835938,115.5770034790039,113.734001159668
218,3,2022,4.435784,4.435783746,2.8,148.985,10811.0,5836.3335,1.852304476,93.07333333,4.9,3.298698748,2.861751829,2.686629807,114.025,118.962,3.5,0,295.4960021972656,296.6340026855469,116.9049987792969,115.1259994506836
219,4,2022,4.43176,4.431759578,2.95,144.9796667,10817.0,5925.0,1.825654008,82.49666667,4.766666667,2.859836905,2.66523619,2.601051508,112.795,120.093,3.599999904632568,0,298.5249938964844,300.3510131835938,118.0979995727539,116.4570007324219
220,1,2023,4.428064,4.428063806,2.37,141.2973333,10094.0,5823.0,1.73347072,74.04,3.9,2.57268413,2.493510748,2.513027536,112.426,121.261,3.5,0,301.3309936523438,304.0039978027344,119.3089981079102,117.8740005493164
221,2,2023,4.424629,4.424628938,2.3555,135.438,9700.0,5903.6665,1.643103203,71.98,4.066666667,2.398321609,2.465489986,2.515197294,111.052,121.766,3.599999904632568,0,303.3510131835938,307.5409851074219,120.0449981689453,118.9380035400391
222,3,2023,4.421397,4.421396747,2.4,140.5556667,9323.0,6185.3335,1.507329125,80.59666667,3.366666667,2.435100217,2.553187464,2.608100704,111.15,122.83,3.700000047683716,0,306.0329895019531,309.7080078125,120.8140029907227,119.5410003662109
223,4,2023,4.418317,4.41831743,2.4,141.077,,6506.0,,,4.2,2.286667532,2.447979365,2.555147403,,,3.700000047683716,0,308.1289978027344,312.2770080566406,,
224,1,1960,,,,,,,,,,,,,,,5.099999904632568,0,29.39699935913086,30.5669994354248,15.4350004196167,15.84200000762939
225,2,1960,,,,,,,,,,,,,,,5.199999809265137,1,29.57299995422363,30.63299942016602,15.51500034332275,15.90200042724609
226,3,1960,,,,,,,,,,,,,,,5.5,1,29.59000015258789,30.60000038146973,15.57299995422363,15.96500015258789
227,4,1960,,,,,,,,,,,,,,,6.300000190734863,1,29.78000068664551,30.76700019836426,15.64200019836426,16.01700019836426
228,1,1961,,,,,,,,,,,,,,,6.800000190734863,1,29.84000015258789,30.83300018310547,15.67099952697754,16.04400062561035
229,2,1961,,,,,,,,,,,,,,,7.0,0,29.82999992370605,30.9330005645752,15.66899967193604,16.09700012207031
230,3,1961,,,,,,,,,,,,,,,6.800000190734863,0,29.94700050354004,31.0669994354248,15.72599983215332,16.16699981689453
231,4,1961,,,,,,,,,,,,,,,6.199999809265137,0,29.98999977111816,31.16699981689453,15.74300003051758,16.20599937438965
232,1,1962,,,,,,,,,,,,,,,5.599999904632568,0,30.10700035095215,31.23299980163574,15.81099987030029,16.26600074768066
233,2,1962,,,,,,,,,,,,,,,5.5,0,30.21999931335449,31.36700057983398,15.86699962615967,16.32799911499023
234,3,1962,,,,,,,,,,,,,,,5.599999904632568,0,30.30699920654297,31.46699905395508,15.90900039672852,16.38199996948242
235,4,1962,,,,,,,,,,,,,,,5.5,0,30.3799991607666,31.53300094604492,15.95800018310547,16.41300010681152
236,1,1963,,,,,,,,,,,,,,,5.800000190734863,0,30.47699928283691,31.60000038146973,16.00399971008301,16.46699905395508
237,2,1963,,,,,,,,,,,,,,,5.699999809265137,0,30.53300094604492,31.73299980163574,16.02899932861328,16.52899932861328
238,3,1963,,,,,,,,,,,,,,,5.5,0,30.71999931335449,31.86700057983398,16.10700035095215,16.5930004119873
239,4,1963,,,,,,,,,,,,,,,5.599999904632568,0,30.80299949645996,32.03300094604492,16.16600036621094,16.67300033569336
240,1,1964,,,,,,,,,,,,,,,5.5,0,30.93000030517578,32.20000076293945,16.24300003051758,16.74399948120117
241,2,1964,,,,,,,,,,,,,,,5.199999809265137,0,30.97999954223633,32.23300170898438,16.27799987792969,16.79299926757813
242,3,1964,,,,,,,,,,,,,,,5.0,0,31.04999923706055,32.29999923706055,16.33099937438965,16.84000015258789
243,4,1964,,,,,,,,,,,,,,,5.0,0,31.19300079345703,32.46699905395508,16.38500022888184,16.88299942016602
244,1,1965,,,,,,,,,,,,,,,4.900000095367432,0,31.29000091552734,32.59999847412109,16.43899917602539,16.94700050354004
245,2,1965,,,,,,,,,,,,,,,4.699999809265137,0,31.48999977111816,32.70000076293945,16.52199935913086,16.99900054931641
246,3,1965,,,,,,,,,,,,,,,4.400000095367432,0,31.58300018310547,32.73300170898438,16.58300018310547,17.05200004577637
247,4,1965,,,,,,,,,,,,,,,4.099999904632568,0,31.75,32.90000152587891,16.63400077819824,17.10899925231934
248,1,1966,,,,,,,,,,,,,,,3.900000095367432,0,32.04700088500977,33.06700134277344,16.76300048828125,17.19400024414063
249,2,1966,,,,,,,,,,,,,,,3.799999952316284,0,32.33700180053711,33.40000152587891,16.89900016784668,17.33399963378906
250,3,1966,,,,,,,,,,,,,,,3.799999952316284,0,32.61700057983398,33.70000076293945,17.02799987792969,17.47699928283691
251,4,1966,,,,,,,,,,,,,,,3.700000047683716,0,32.88299942016602,34.03300094604492,17.15999984741211,17.62800025939941
252,1,1967,,,,,,,,,,,,,,,3.799999952316284,0,32.96699905395508,34.23300170898438,17.20899963378906,17.72500038146973
253,2,1967,,,,,,,,,,,,,,,3.799999952316284,0,33.16699981689453,34.5,17.29100036621094,17.8439998626709
254,3,1967,,,,,,,,,,,,,,,3.799999952316284,0,33.5,34.86700057983398,17.45199966430664,18.00600051879883
255,4,1967,,,,,,,,,,,,,,,3.900000095367432,0,33.86700057983398,35.23300170898438,17.60199928283691,18.1879997253418
